Workbook

Sheet Ergebnis
C11: Ergebnis der Schutzbedarfsfestellung für … bitte ausfüllen
D13: Vertraulichkeit | E13: Integrität | F13: Verfügbarkeit
C14: Verstoß gegen Gesetze/Vorschriften/Verträge | D14: ='Schadensszenario 1'!C13 -> Normal | E14: ='Schadensszenario 1'!J13 -> Hoch | F14: ='Schadensszenario 1'!Q13 -> Sehr Hoch
C15: Beeinträchtigung des informationellen Selbstbestimmungsrechts | D15: ='Schadensszenario 2'!D13 -> Normal | E15: ='Schadensszenario 2'!K13 -> Normal | F15: ='Schadensszenario 2'!R13 -> Normal
C16: Beeinträchtigung der persönlichen Unversehrtheit | D16: ='Schadensszenario 3'!D13 -> Sehr Hoch | E16: ='Schadensszenario 3'!K13 -> Hoch | F16: ='Schadensszenario 3'!R13 -> Normal
C17: Beeinträchtigung der Aufgabenerfüllung | D17: ='Schadensszenario 4'!C13 -> Sehr Hoch | E17: ='Schadensszenario 4'!J13 -> Sehr Hoch | F17: ='Schadensszenario 4'!Q13 -> Normal
C18: Negative Innen- oder Außenwirkung | D18: ='Schadensszenario 5'!C13 -> Sehr Hoch | E18: ='Schadensszenario 5'!J13 -> Sehr Hoch | F18: ='Schadensszenario 5'!Q13 -> Normal
C19: Finanzielle Auswirkungen | D19: ='Schadensszenario 6'!C13 -> Normal | E19: ='Schadensszenario 6'!J13 -> Normal | F19: ='Schadensszenario 6'!Q13 -> Normal
C20: Gesamtergebnis pro Grundwert nach Maximumprinzip | D20: =IF(Daten!D20=3,"Sehr Hoch",IF(Daten!D20=2,"Hoch","Normal")) -> Sehr Hoch | E20: =IF(Daten!E20=3,"Sehr Hoch",IF(Daten!E20=2,"Hoch","Normal")) -> Sehr Hoch | F20: =IF(Daten!F20=3,"Sehr Hoch",IF(Daten!F20=2,"Hoch","Normal")) -> Sehr Hoch
C21: Gesamtschutzbedarf nach Maximumprinzip | D21: =IF(Daten!D22=3,"Sehr Hoch",IF(Daten!D22=2,"Hoch","Normal")) -> Sehr Hoch
C27: Ergebnisdokument des Interviews von: | E27: =TODAY() -> 44255
C36: Festgestellt durch | E36: Prozessverantwortung
C42: _________________ | E42: _________________
C43: Datum, Unterschrift | E43: Datum, Unterschrift

Sheet Schadensszenario 1
B2: Schadensszenario Verstoß gegen Gesetze/Vorschriften/Verträge
B3: Sowohl aus dem Verlust der Vertraulichkeit als auch der Integrität und ebenso der Verfügbarkeit können derlei Verstöße resultieren. Die Schwere des Schadens ist dabei oftmals abhängig davon, welche rechtlichen Konsequenzen daraus für die Institution entstehen können. Beispiele für relevante Gesetze sind (in Deutschland): Grundgesetz, Bürgerliches Gesetzbuch, Strafgesetzbuch, Bundesdatenschutzgesetz und Datenschutzgesetze der Länder, EU-Datenschutz-Grundverordnung (DSGVO), Sozialgesetzbuch, Handelsgesetzbuch, Personalvertretungsgesetz, Betriebsverfassungsgesetz, Urheberrechtsgesetz, Patentgesetz, Informations- und Kommunikationsdienstegesetz (IuKDG), Gesetz zur Kontrolle und Transparenz im Unternehmen (KonTraG). Beispiele für relevante Vorschriften sind: Verwaltungsvorschriften, Verordnungen und Dienstvorschriften. Beispiele für Verträge: Dienstleistungsverträge im Bereich Datenverarbeitung, Verträge zur Wahrung von Betriebsgeheimnissen
B5: Verlust der Vertraulichkeit | I5: Verlust der Integrität | P5: Verlust der Verfügbarkeit
B6: Erfordern gesetzliche Auflagen die Vertraulichkeit der Informationen? Ist im Falle einer Veröffentlichung von Informationen mit Strafverfolgung oder Regressforderungen zu rechnen? Sind Verträge einzuhalten, die die Wahrung der Vertraulichkeit bestimmter Informationen beinhalten? | I6: Erfordern gesetzliche Auflagen die Integrität der Informationen? In welchem Maße wird durch einen Verlust der Integrität gegen Gesetze bzw. Vorschriften verstoßen? | P6: Sind bei Ausfall der Anwendung Verstöße gegen Vorschriften oder sogar Gesetze die Folge? Schreiben Gesetze die dauernde Verfügbarkeit bestimmter Informationen vor? Gibt es Termine, die bei Einsatz der Anwendung zwingend einzuhalten sind? Gibt es vertragliche Bindungen für bestimmte einzuhaltende Termine?
B10: Einstufung | C10: 1. Ein Schadensereignis hätte nur geringfügige Auswirkungen für die betroffene Behörde oder den Verursachenden. | I10: Einstufung | J10: 2. Ein Schadensereignis hätte erhebliche Auswirkungen für die Behörde oder den Verursachenden. | P10: Einstufung | Q10: 3. Ein Schadensereignis hätte fundamentale Auswirkungen auf die Behörde oder den Verursachenden.
B11: Begründung | I11: Begründung | P11: Begründung
B13: Ergebnis | C13: =IF(LEFT(C10,1)="1","Normal",IF(LEFT(C10,1)="2","Hoch",IF(LEFT(C10,1)="3","Sehr Hoch","-"))) -> Normal | I13: Ergebnis | J13: =IF(LEFT(J10,1)="1","Normal",IF(LEFT(J10,1)="2","Hoch",IF(LEFT(J10,1)="3","Sehr Hoch","-"))) -> Hoch | P13: Ergebnis | Q13: =IF(LEFT(Q10,1)="1","Normal",IF(LEFT(Q10,1)="2","Hoch",IF(LEFT(Q10,1)="3","Sehr Hoch","-"))) -> Sehr Hoch

Sheet Schadensszenario 2
C2: Beeinträchtigung des informationellen Selbstbestimmungsrechts
C3: Bei der Implementation und dem Betrieb von IT-Systemen und Anwendungen besteht die Gefahr einer Verletzung des informationellen Selbstbestimmungsrechts bis hin zu einem Missbrauch personenbezogener Daten. Beispiele für die Beeinträchtigung des informationellen Selbstbestimmungsrechts sind: • Unzulässige Erhebung personenbezogener Daten ohne Rechtsgrundlage oder Einwilligung, • unbefugte Kenntnisnahme bei der Datenverarbeitung bzw. der Übermittlung von personenbezogenen Daten, • unbefugte Weitergabe personenbezogener Daten, • Nutzung von personenbezogenen Daten zu einem anderen als dem bei der Erhebung zulässigen Zweck und • Verfälschung von personenbezogenen Daten in IT-Systemen oder bei der Übertragung.
C5: Verlust der Vertraulichkeit | J5: Verlust der Integrität | Q5: Verlust der Verfügbarkeit
C6: Welche Schäden können für den Betroffenen entstehen, wenn seine personenbezogenen Daten nicht vertraulich behandelt werden? Werden personenbezogene Daten für unzulässige Zwecke verarbeitet? Ist es im Zuge einer zulässigen Verarbeitung personenbezogener Daten möglich, aus diesen Daten z. B. auf den Gesundheitszustand oder die wirtschaftliche Situation einer Person zu schließen? Welche Schäden können durch den Missbrauch der gespeicherten personenbezogenen Daten entstehen? | J6: Welche Schäden entstünden für den Betroffenen, wenn seine personenbezogenen Daten unabsichtlich verfälscht oder absichtlich manipuliert würden? Wann würde der Verlust der Integrität personenbezogener Daten frühestens auffallen? | Q6: Können bei einem Ausfall der Anwendung oder bei einer Störung der Datenübertragung personenbezogene Daten verloren gehen oder verfälscht werden, sodass der Betroffene in seiner gesellschaftlichen Stellung beeinträchtigt wird oder gar persönliche oder wirtschaftliche Nachteile zu befürchten hat?
C10: Einstufung | D10: 1. Ein Schadensereignis hätte voraussichtlich geringfügige Auswirkungen für den Betroffenen. | J10: Einstufung | K10: 1. Ein Schadensereignis hätte voraussichtlich geringfügige Auswirkungen für den Betroffenen. | Q10: Einstufung | R10: 1. Ein Schadensereignis hätte voraussichtlich geringfügige Auswirkungen für den Betroffenen.
C11: Begründung | J11: Begründung | Q11: Begründung
C13: Ergebnis | D13: =IF(LEFT(D10,1)="1","Normal",IF(LEFT(D10,1)="2","Hoch",IF(LEFT(D10,1)="3","Sehr Hoch","-"))) -> Normal | J13: Ergebnis | K13: =IF(LEFT(K10,1)="1","Normal",IF(LEFT(K10,1)="2","Hoch",IF(LEFT(K10,1)="3","Sehr Hoch","-"))) -> Normal | Q13: Ergebnis | R13: =IF(LEFT(R10,1)="1","Normal",IF(LEFT(R10,1)="2","Hoch",IF(LEFT(R10,1)="3","Sehr Hoch","-"))) -> Normal

Sheet Schadensszenario 3
C2: Beeinträchtigung der persönlichen Unversehrtheit
C3: Die Fehlfunktion von IT-Systemen oder Anwendungen kann unmittelbar die Verletzung, die Invalidität oder den Tod von Personen nach sich ziehen. Die Höhe des Schadens ist am direkten persönlichen Schaden zu messen. Beispiele für solche Anwendungen und IT-Systeme sind: • medizinische Überwachungsrechner, • medizinische Diagnosesysteme, • Flugkontrollrechner und • Verkehrsleitsysteme.
C5: Verlust der Vertraulichkeit | J5: Verlust der Integrität | Q5: Verlust der Verfügbarkeit
C6: Kann durch das Bekanntwerden von Informationen eine Person physisch oder psychisch geschädigt werden? | J6: Können Menschen durch manipulierte Programmabläufe oder Daten gesundheitlich gefährdet werden? | Q6: Bedroht der Ausfall der Anwendung oder des IT-Systems unmittelbar die persönliche Unversehrtheit von Personen?
C10: Einstufung | D10: 3. Bei einem Schadensereignis drohen fundamentale und lebensbedrohende Auwirkungen | J10: Einstufung | K10: 2. Bei einem Schadensereignis drohen erhebliche Auswirkungen für den Betroffenen | Q10: Einstufung | R10: 1. Bei einem Schadensereignis drohen geringfügige Auswirkungen für den Betroffenen.
C11: Begründung | J11: Begründung | Q11: Begründung
C13: Ergebnis | D13: =IF(LEFT(D10,1)="1","Normal",IF(LEFT(D10,1)="2","Hoch",IF(LEFT(D10,1)="3","Sehr Hoch","-"))) -> Sehr Hoch | J13: Ergebnis | K13: =IF(LEFT(K10,1)="1","Normal",IF(LEFT(K10,1)="2","Hoch",IF(LEFT(K10,1)="3","Sehr Hoch","-"))) -> Hoch | Q13: Ergebnis | R13: =IF(LEFT(R10,1)="1","Normal",IF(LEFT(R10,1)="2","Hoch",IF(LEFT(R10,1)="3","Sehr Hoch","-"))) -> Normal

Sheet Schadensszenario 4
B2: Beeinträchtigung der Aufgabenerfüllung
B3: Gerade der Verlust der Verfügbarkeit einer Anwendung oder der Integrität von Informationen oder Daten kann die Aufgabenerfüllung in einer Institution erheblich beeinträchtigen. Die Schwere des Schadens richtet sich hierbei nach der zeitlichen Dauer der Beeinträchtigung und nach dem Umfang der Einschränkungen der angebotenen Dienstleistungen. Beispiele hierfür sind: • Fristversäumnisse durch verzögerte Bearbeitung von Verwaltungsvorgängen, • verspätete Lieferung aufgrund verzögerter Bearbeitung von Bestellungen, • fehlerhafte Produktion aufgrund falscher Steuerungsdaten und • unzureichende Qualitätssicherung durch Ausfall eines Testsystems.
B5: Verlust der Vertraulichkeit | I5: Verlust der Integrität | P5: Verlust der Verfügbarkeit
B6: Gibt es Informationen, deren Vertraulichkeit die Grundlage für die Aufgabenerfüllung ist (z. B. Strafverfolgungsinformationen, Ermittlungsergebnisse)? | I6: Können Veränderungen an Informationen die Aufgabenerfüllung in der Art einschränken, dass die Institution handlungsunfähig wird? Entstehen erhebliche Schäden, wenn die Aufgaben trotz verfälschter Informationen wahrgenommen werden? Wann werden unerlaubte Datenveränderungen frühestens erkannt? Können verfälschte Informationen in der betrachteten Anwendung zu Fehlern in anderen Anwendungen führen? Welche Folgen entstehen, wenn Daten fälschlicherweise einer Person zugeordnet werden, die diese Daten in Wirklichkeit gar nicht erzeugt hat? | P6: Gibt es Informationen, bei denen eine Einschränkung der Verfügbarkeit schwerwiegende Auswirkungen auf die Institution oder deren Geschäftsprozesse hätte? Kann durch den Ausfall von Anwendungen die Aufgabenerfüllung der Institution so stark beeinträchtigt werden, dass die Wartezeiten für die Betroffenen nicht mehr tolerabel sind? Sind von dem Ausfall dieser Anwendung andere Anwendungen betroffen? Ist es für die Institution bedeutsam, dass der Zugriff auf Anwendungen nebst Programmen und Daten ständig gewährleistet ist?
B10: Einstufung | C10: 3. Ein Schadensereignis bis maximal 4 Stunden wird als tolerabel eingeschätzt. | I10: Einstufung | J10: 3. Ein Schadensereignis bis maximal 4 Stunden wird als tolerabel eingeschätzt. | P10: Einstufung | Q10: 1. Ein Schadensereignis zwischen maximal 24-72 Stunden wird als tolerabel eingeschätzt.
B11: Begründung | I11: Begründung | P11: Begründung
B13: Ergebnis | C13: =IF(LEFT(C10,1)="1","Normal",IF(LEFT(C10,1)="2","Hoch",IF(LEFT(C10,1)="3","Sehr Hoch","-"))) -> Sehr Hoch | I13: Ergebnis | J13: =IF(LEFT(J10,1)="1","Normal",IF(LEFT(J10,1)="2","Hoch",IF(LEFT(J10,1)="3","Sehr Hoch","-"))) -> Sehr Hoch | P13: Ergebnis | Q13: =IF(LEFT(Q10,1)="1","Normal",IF(LEFT(Q10,1)="2","Hoch",IF(LEFT(Q10,1)="3","Sehr Hoch","-"))) -> Normal

Sheet Schadensszenario 5
B2: Negative Innen- oder Außenwirkung
B3: Durch den Verlust einer der Grundwerte Vertraulichkeit, Integrität oder Verfügbarkeit in einer Anwendung können verschiedenartige negative Innen- oder Außenwirkungen entstehen, zum Beispiel: • Ansehensverlust einer Institution, • Vertrauensverlust gegenüber einer Institution, • Demoralisierung der Mitarbeiter, • Beeinträchtigung der wirtschaftlichen Beziehungen zusammenarbeitender Institutionen, • verlorenes Vertrauen in die Arbeitsqualität einer Institution und • Einbüßen der Konkurrenzfähigkeit. Die Höhe des Schadens orientiert sich an der Schwere des Vertrauensverlustes oder des Verbreitungsgrades der Innen- oder Außenwirkung. Die Ursachen für solche Schäden können vielfältiger Natur sein: • Handlungsunfähigkeit einer Institution durch IT-Ausfall, • fehlerhafte Veröffentlichungen durch manipulierte Daten, • Fehlbestellungen durch mangelhafte Lagerhaltungsprogramme, • Nichteinhaltung von Verschwiegenheitserklärungen, • Schuldzuweisungen an die falschen Personen, • Verhinderung der Aufgabenerfüllung einer Abteilung durch Fehler in anderen Bereichen, • Weitergabe von Fahndungsdaten an interessierte Dritte und • Zuspielen vertraulicher Informationen an die Presse.
B5: Verlust der Vertraulichkeit | I5: Verlust der Integrität | P5: Verlust der Verfügbarkeit
B6: Welche Konsequenzen ergeben sich für die Institution durch die unerlaubte Veröffentlichung von schutzbedürftigen Informationen? Kann der Vertraulichkeitsverlust von Informationen zu einer Schwächung der Wettbewerbsposition führen? Entstehen bei der Veröffentlichung von vertraulichen Informationen Zweifel an der Vertrauenswürdigkeit der Institution? Können Veröffentlichungen von Informationen zur politischen oder gesellschaftlichen Verunsicherung führen? Können Mitarbeiter durch die unzulässige Veröffentlichung von Informationen das Vertrauen in ihre Institution verlieren? | I6: Welche Schäden können sich durch die Verarbeitung, Verbreitung oder Übermittlung falscher oder unvollständiger Informationen ergeben? Wird die Verfälschung von Informationen öffentlich bekannt? Entstehen bei einer Veröffentlichung von verfälschten Informationen Ansehensverluste? Können Veröffentlichungen von verfälschten Informationen zur politischen oder gesellschaftlichen Verunsicherung führen? Können verfälschte Informationen zu einer verminderten Produktqualität und damit zu einem Ansehensverlust führen? | P6: Schränkt der Ausfall von Anwendungen die Informationsdienstleistungen für Externe ein? Verhindert die Nichtverfügbarkeit von Informationen oder der Ausfall von Geschäftsprozessen die Erreichung von Geschäftszielen? Ab wann wird die Nichtverfügbarkeit von Informationen oder der Ausfall von Anwendungen oder Geschäftsprozessen extern bemerkt?
B10: Einstufung | C10: 3. Bei einem Schadensereignis droht ein irreparabler Schaden mit dauerhaftem Vertrauensverlust. | I10: Einstufung | J10: 3. Bei einem Schadensereignis droht ein irreparabler Schaden mit dauerhaftem Vertrauensverlust. | P10: Einstufung | Q10: 1. Ein Schadensereignis hätte nur eine geringe, lokal begrenzte oder nur interne Vertrauensbeeinträchtigung.
B11: Begründung | I11: Begründung | P11: Begründung
B13: Ergebnis | C13: =IF(LEFT(C10,1)="1","Normal",IF(LEFT(C10,1)="2","Hoch",IF(LEFT(C10,1)="3","Sehr Hoch","-"))) -> Sehr Hoch | I13: Ergebnis | J13: =IF(LEFT(J10,1)="1","Normal",IF(LEFT(J10,1)="2","Hoch",IF(LEFT(J10,1)="3","Sehr Hoch","-"))) -> Sehr Hoch | P13: Ergebnis | Q13: =IF(LEFT(Q10,1)="1","Normal",IF(LEFT(Q10,1)="2","Hoch",IF(LEFT(Q10,1)="3","Sehr Hoch","-"))) -> Normal

Sheet Schadensszenario 6
B2: Finanzielle Auswirkungen
B3: Unmittelbare oder mittelbare finanzielle Schäden können durch den Verlust der Vertraulichkeit schutzbedürftiger Informationen, die Veränderung von Informationen oder den Ausfall von Anwendungen entstehen. Beispiele dafür sind: • unerlaubte Weitergabe von Forschungs- und Entwicklungsergebnissen, • Manipulation von finanzwirksamen Daten in einem Abrechnungssystem, • Ausfall eines IT-gesteuerten Produktionssystems und dadurch bedingte Umsatzverluste, • unerlaubte Einsichtnahme in Marketingstrategiepapiere oder Umsatzzahlen, • Ausfall eines Buchungssystems einer Reisegesellschaft, • Ausfall eines E-Commerce-Servers, • Zusammenbruch des Zahlungsverkehrs einer Bank, • Diebstahl oder Zerstörung von Hardware. Die Höhe des Gesamtschadens setzt sich zusammen aus den direkt und indirekt entstehenden Kosten, etwa durch Sachschäden, Schadenersatzleistungen und Kosten für zusätzlichen Aufwand (z. B. Wiederherstellung).
B5: Verlust der Vertraulichkeit | I5: Verlust der Integrität | P5: Verlust der Verfügbarkeit
B6: Kann die Veröffentlichung vertraulicher Informationen Regressforderungen nach sich ziehen? Gibt es innerhalb von Geschäftsprozessen oder Anwendungen Informationen, aus deren Kenntnis ein Dritter (z. B. Konkurrenzunternehmen) finanzielle Vorteile ziehen kann? Werden mit Anwendungen Forschungsdaten gespeichert, die einen erheblichen Wert darstellen? Was passiert, wenn sie unerlaubt kopiert und weitergegeben werden? Können durch vorzeitige Veröffentlichung von schutzbedürftigen Informationen finanzielle Schäden entstehen? | I6: Können durch Datenmanipulationen finanzwirksame Daten so verändert werden, dass finanzielle Schäden entstehen? Kann die Veröffentlichung falscher Informationen Regressforderungen nach sich ziehen? Können durch verfälschte Bestelldaten finanzielle Schäden entstehen (z. B. bei Just-in-Time-Produktion)? Können verfälschte Informationen zu falschen Geschäftsentscheidungen führen? | P6: Wird durch den Ausfall von Anwendungen oder Geschäftsprozessen die Produktion, die Lagerhaltung oder der Vertrieb beeinträchtigt? Ergeben sich durch den Ausfall von Anwendungen oder Geschäftsprozessen finanzielle Verluste aufgrund von verzögerten Zahlungen bzw. Zinsverlusten? Wie hoch sind die Reparatur- oder Wiederherstellungskosten bei Ausfall, Defekt, Zerstörung oder Diebstahl von IT-Systemen? Kann es durch den Ausfall von Anwendungen oder Geschäftsprozessen zu mangelnder Zahlungsfähigkeit oder zu Konventionalstrafen kommen? Wie viele wichtige Kunden wären von einem Ausfall der Anwendungen oder der Geschäftsprozesse betroffen?
B10: Einstufung | C10: 1. Bei einem Schadensereignis droht ein geringfügiger und tolerabler Schaden. | I10: Einstufung | J10: 1. Bei einem Schadensereignis droht ein geringfügiger und tolerabler Schaden. | P10: Einstufung | Q10: 1. Bei einem Schadensereignis droht ein geringfügiger und tolerabler Schaden.
B11: Begründung | I11: Begründung | P11: Begründung
B13: Ergebnis | C13: =IF(LEFT(C10,1)="1","Normal",IF(LEFT(C10,1)="2","Hoch",IF(LEFT(C10,1)="3","Sehr Hoch","-"))) -> Normal | I13: Ergebnis | J13: =IF(LEFT(J10,1)="1","Normal",IF(LEFT(J10,1)="2","Hoch",IF(LEFT(J10,1)="3","Sehr Hoch","-"))) -> Normal | P13: Ergebnis | Q13: =IF(LEFT(Q10,1)="1","Normal",IF(LEFT(Q10,1)="2","Hoch",IF(LEFT(Q10,1)="3","Sehr Hoch","-"))) -> Normal

Sheet Daten
B2: Gesetze/Vorschriften/Verträge | D2: Beeinträchtigung des informationellen Selbstbestimmungsrechts | F2: Beeinträchtigung der persönlichen Unversehrtheit | H2: Beeinträchtigung der Aufgabenerfüllung | J2: Negative Innen- oder Außenwirkung | L2: Finanzielle Auswirkungen
B4: 1. Ein Schadensereignis hätte nur geringfügige Auswirkungen für die betroffene Behörde oder den Verursachenden. | D4: 1. Ein Schadensereignis hätte voraussichtlich geringfügige Auswirkungen für den Betroffenen. | F4: 1. Bei einem Schadensereignis drohen geringfügige Auswirkungen für den Betroffenen. | H4: 1. Ein Schadensereignis zwischen maximal 24-72 Stunden wird als tolerabel eingeschätzt. | J4: 1. Ein Schadensereignis hätte nur eine geringe, lokal begrenzte oder nur interne Vertrauensbeeinträchtigung. | L4: 1. Bei einem Schadensereignis droht ein geringfügiger und tolerabler Schaden.
B5: 2. Ein Schadensereignis hätte erhebliche Auswirkungen für die Behörde oder den Verursachenden. | D5: 2. Bei einem Schadensereignis drohen erhebliche Auswirkungen für den Betroffenen. | F5: 2. Bei einem Schadensereignis drohen erhebliche Auswirkungen für den Betroffenen | H5: 2. Ein Schadensereignis zwischen maximal 4-24 Stunden wird als tolerabel eingeschätzt. | J5: 2. Ein Schadensereignis würde zu einer breiten und übergreifenden Vertrauensbeeinträchtigung führen. | L5: 2. Bei einem Schadensereignis droht ein erheblicher finanzieller Schaden.
B6: 3. Ein Schadensereignis hätte fundamentale Auswirkungen auf die Behörde oder den Verursachenden. | D6: 3. Bei einem Schadensereignis drohen fundamentale und lebensbedrohende Auswirkungen für den Betroffenen. | F6: 3. Bei einem Schadensereignis drohen fundamentale und lebensbedrohende Auwirkungen | H6: 3. Ein Schadensereignis bis maximal 4 Stunden wird als tolerabel eingeschätzt. | J6: 3. Bei einem Schadensereignis droht ein irreparabler Schaden mit dauerhaftem Vertrauensverlust. | L6: 3. Bei einem Schadensereignis droht ein außergewöhnlich hoher finanzieller Schaden.
D12: Vertraulichkeit | E12: Integrität | F12: Verfügbarkeit
D13: =IF(Ergebnis!D14="Sehr Hoch",3,IF(Ergebnis!D14="Hoch",2,1)) -> 1 | E13: =IF(Ergebnis!E14="Sehr Hoch",3,IF(Ergebnis!E14="Hoch",2,1)) -> 2 | F13: =IF(Ergebnis!F14="Sehr Hoch",3,IF(Ergebnis!F14="Hoch",2,1)) -> 3
D14: =IF(Ergebnis!D15="Sehr Hoch",3,IF(Ergebnis!D15="Hoch",2,1)) -> 1 | E14: =IF(Ergebnis!E15="Sehr Hoch",3,IF(Ergebnis!E15="Hoch",2,1)) -> 1 | F14: =IF(Ergebnis!F15="Sehr Hoch",3,IF(Ergebnis!F15="Hoch",2,1)) -> 1
D15: =IF(Ergebnis!D16="Sehr Hoch",3,IF(Ergebnis!D16="Hoch",2,1)) -> 3 | E15: =IF(Ergebnis!E16="Sehr Hoch",3,IF(Ergebnis!E16="Hoch",2,1)) -> 2 | F15: =IF(Ergebnis!F16="Sehr Hoch",3,IF(Ergebnis!F16="Hoch",2,1)) -> 1
D16: =IF(Ergebnis!D17="Sehr Hoch",3,IF(Ergebnis!D17="Hoch",2,1)) -> 3 | E16: =IF(Ergebnis!E17="Sehr Hoch",3,IF(Ergebnis!E17="Hoch",2,1)) -> 3 | F16: =IF(Ergebnis!F17="Sehr Hoch",3,IF(Ergebnis!F17="Hoch",2,1)) -> 1
D17: =IF(Ergebnis!D18="Sehr Hoch",3,IF(Ergebnis!D18="Hoch",2,1)) -> 3 | E17: =IF(Ergebnis!E18="Sehr Hoch",3,IF(Ergebnis!E18="Hoch",2,1)) -> 3 | F17: =IF(Ergebnis!F18="Sehr Hoch",3,IF(Ergebnis!F18="Hoch",2,1)) -> 1
D18: =IF(Ergebnis!D19="Sehr Hoch",3,IF(Ergebnis!D19="Hoch",2,1)) -> 1 | E18: =IF(Ergebnis!E19="Sehr Hoch",3,IF(Ergebnis!E19="Hoch",2,1)) -> 1 | F18: =IF(Ergebnis!F19="Sehr Hoch",3,IF(Ergebnis!F19="Hoch",2,1)) -> 1
D20: =MAX(D13:D18) -> 3 | E20: =MAX(E13:E18) -> 3 | F20: =MAX(F13:F18) -> 3
D22: =MAX(D20:F20) -> 3
